URL, DATE Scraped, Type, Product Category, Product Name , Current Price , Old Price, Position, Product Number, Product Color, Product Description, Number of Reviews, Star Rating, Free Shipping Indicator, Number of Photos 
https://www.happy-size.nl/jeans-228403/,7-4-2018,Product Page,Jeans,Jeans,59.99,NA,1,22840/30X , blue black ,NA,NA,NA,NA,1
https://www.happy-size.nl/spijkerjasje-zizzi-446191/,7-4-2018,Product Page,Spijkerjasje,Spijkerjasje,49.95,NA,1,44619/10X , wit ,NA,NA,NA,NA,1
https://www.happy-size.nl/ProductDisplay?langId=31&catalogId=1000530100&storeId=1000530003&productId=2547698&colorId=wit&channel_code=4&s2m_product_id=00901%2F90X&vcp=7600aa283b2450&utm_source=beslist&utm_medium=feed&refID=Happysize_NL/Beslist/Dames-Alle%20artikelen-Jassen%20&%20mantels/00901/90X&emsrc=Produktportale,7-4-2018,Product Page,Spijkerjasje,Spijkerjasje,59.99,NA,1,81835/10X , wit ,NA,NA,NA,NA,1
https://www.happy-size.nl/ProductDisplay?langId=31&catalogId=1000530100&storeId=1000530003&productId=3512513&colorId=wit&channel_code=34&s2m_product_id=44619%2F10X+&vcp=fc6cba197e0284&utm_source=tradetracker&utm_medium=feed&trackingData=999873%3A%3A88728%3A%3A141157508%3A%3ATTMD5%3A%3A1525130537&s2m_exaffid=88728&refID=Happy-Size%2FTradetracker%2Fhomepage%2Fbanners-tekstlinks&-mantels%2F44619%2F10X=&emsrc=Affiliate&s2m_channel=34&emrcs=Affiliate,7-4-2018,Product Page,Spijkerjasje,Spijkerjasje,49.95,NA,1,44619/10X , wit ,NA,NA,NA,NA,1
https://www.happy-size.nl/ProductDisplay?langId=31&catalogId=1000530100&storeId=1000530003&productId=3512513&colorId=wit&channel_code=34&s2m_product_id=44619%2F10X+&vcp=fc6cba197e0284&utm_source=tradetracker&utm_medium=feed&trackingData=999873%3A%3A88728%3A%3A141157596%3A%3ATTMD5%3A%3A1525130611&s2m_exaffid=88728&refID=Happy-Size%2FTradetracker%2Fhomepage%2Fbanners-tekstlinks&-mantels%2F44619%2F10X=&emsrc=Affiliate&s2m_channel=34&emrcs=Affiliate,7-4-2018,Product Page,Spijkerjasje,Spijkerjasje,49.95,NA,1,44619/10X , wit ,NA,NA,NA,NA,1
https://www.happy-size.nl/broek-no-secret-647228/,7-4-2018,Product Page,Broek,Broek,39.99, 	  € 70.00 ,1,64722/80X , zwart ,NA,NA,NA,NA,1
https://www.happy-size.nl/bermuda-615146/,7-4-2018,Product Page,Bermuda,Bermuda,44.99, 	  € 64.99 ,1,19557/60X , blue stone ,NA,NA,NA,NA,1
https://www.happy-size.nl/vest-422444/,7-4-2018,Product Page,Vest,Vest,39.99,NA,1,25686/50X , marine ,NA,NA,NA,NA,1
https://www.happy-size.nl/ProductDisplay?catalogId=1000530100&langId=31&partNumber=185934&storeId=1000530003&krypto=XMgdP%2BwuFuNHl0DCNeqLWxnG188aGgmiA9g5p%2BQfWZ0Cyi3rMFZSQ0k%2FAkaEPwXCK0KLpO8j%2BZg6DEFAOaqtNiuVQFj9mepgwoC1rJHMuicpGToc88bu7%2BNznreL1D79KNdBFsB%2BZn0c1VoyZvUz7HaoCEwtAGTnsYMjl4ysF%2FpEGLw8Y6UfIWRUCRQbOBvO9DfSNsL74nylavzMuxsDsQ%3D%3D,7-4-2018,Product Page,Straight Cut jeans Amy,Straight Cut jeans Amy,39.99,NA,1,64059/70X , black ,NA,NA,NA,NA,1
https://www.happy-size.nl/ProductDisplay?catalogId=1000530100&langId=31&partNumber=487684&storeId=1000530003&krypto=B0FicOHBZfnPp%2Ba5PfgHWRrETb%2B8VxdFsCDYcXb0d2gofxSz6RgBJPxa6I86RyQQVIRXOlIb7f18Q99m%2Bd17tjrxPkbrYOL9cPg1uE92oEb76mhMsN6NpXLEQsa5o94ZCyqoR3jUtxCVCYaqRvzorNJi7Rca%2BKwpa%2FKWRyrvuepRdpGdYPx%2B62qMaUer7wVTz1k%2Bx7e4yk5UdfSgur%2FgXg%3D%3D,7-4-2018,Product Page,Broek,Broek,39.99,NA,1,67996/70X , antraciet ,NA,NA,NA,NA,1
https://www.happy-size.nl/ProductDisplay?catalogId=1000530100&langId=31&partNumber=487684&storeId=1000530003&krypto=xVzcY7j9ruKVjAMcVifI9BwX2UwN5TB%2F3Y9ywe4DfAS6MwbkkvXV2dugcYmfxauJYpZT7EbT6ejC2NpxcZKkZOc7BpVvUzI%2BEWITsMKslsKpHPhFUdMbHBt7VGsSDA2lce5hWq20HVBuR9NxXZ6w6OWt7fQ%2BIPzAbmxy79vZc87moXUlGAF078O71Fi1mtUQUHDlwfbBNBLprFPmnaTm5Q%3D%3D,7-4-2018,Product Page,Broek,Broek,39.99,NA,1,67996/70X , antraciet ,NA,NA,NA,NA,1
https://www.happy-size.nl/caprilegging-773051/,7-4-2018,Product Page,Caprilegging,Caprilegging,19.99,NA,1,33074/60X , marine ,NA,NA,NA,NA,1
https://www.happy-size.nl/ProductDisplay?catalogId=1000530100&langId=31&partNumber=424778&storeId=1000530003&krypto=l7ehJVRnMY6jUZt%2FerCIprWHTynZYQL9HlJ6ZcqiMQSxXb4MvSdj34ChRq34Pox2jo128cMIWTJRDbpND289EsgH6ZJ8UGxqDCGNAfDx975p3KJqWJl69YPhT3%2B6ModiDcLV6O76ggmt2cYXhvBDCuBo347eqsZVg4vx3O1EIkyuVVuBwSUkQR4qBJGG%2BOpxD1BMy2E9Nb%2Bz9c5EeP9Xmg%3D%3D,7-4-2018,Product Page,Stretchbroek,Stretchbroek,29.99, 	  € 49.99 ,1,42477/80X , marine/wit ,NA,NA,NA,NA,1
https://www.happy-size.nl/topje-van-kant-084137/,7-4-2018,Product Page,Topje van kant,Topje van kant,19.99, 	  € 39.99 ,1,08413/70X , petrol ,NA,NA,NA,NA,1
https://www.happy-size.nl/ProductDisplay?catalogId=1000530100&langId=31&partNumber=185934&storeId=1000530003&krypto=P44fNFDRqD5xYyUTVWbbQx1%2Brt059ToiCs52LG40QQcpv3huyrsc6DMQDF%2Fgy00TyxBvzzgdN1vNAHd%2FhgG0Q6Uz5jlf0rZBjTeiDmoKC%2BTuR3L6OCHSSlX92PoDTrW20v6isp7t8C4aA0%2FK2m6e2mnlWvDsZI2bsfvcoqBn7W7F17EA%2F%2FQ9%2Fp3m95OuEb4fvoBxPYZ54a8RQRvlXWMKSQ%3D%3D,7-4-2018,Product Page,Straight Cut jeans Amy,Straight Cut jeans Amy,39.99,NA,1,64059/70X , black ,NA,NA,NA,NA,1
https://www.happy-size.nl/ProductDisplay?catalogId=1000530100&langId=31&partNumber=185934&storeId=1000530003&krypto=Um%2BuxZxfPcZINAgRFan1QmCFs0wk%2BOE0qqulVkZVBAjW89TbVeZ3Q9xhBde%2FKOOdsAB1Nup9uI6q8QsrbUF75oCH%2Ffs%2BI2EfCLkWMImWszzMZJ4dUyPo9Yb8t9lLXdd7A7NgXS9xasMm6a9QVJgd4HMNL%2BebTBQfoiV%2BmSFtgOoI8eyYMcz8jGwWdYO%2FYiDGm862RX5G87aVxNSU7RaP%2BA%3D%3D,7-4-2018,Product Page,Straight Cut jeans Amy,Straight Cut jeans Amy,39.99,NA,1,64059/70X , black ,NA,NA,NA,NA,1
https://www.happy-size.nl/shirt-441475/,7-4-2018,Product Page,Shirt,Shirt,9.99, 	  € 19.99 ,1,44147/50X , grijs gemêleerd ,NA,NA,NA,NA,1
https://www.happy-size.nl/topje-369454/,7-4-2018,Product Page,Topje,Topje,24.99,NA,1,98188/20X , kiwi ,NA,NA,NA,NA,1
https://www.happy-size.nl/shirt-104125/,7-4-2018,Product Page,Shirt,Shirt,19.99, 	  € 49.99 ,1,10412/50X , taupe oil wash ,NA,NA,NA,NA,1
https://www.happy-size.nl/lang-topje-346609/,7-4-2018,Product Page,Lang topje,Lang topje,14.99,NA,1,63786/60X , atlantic ,NA,NA,NA,NA,1
https://www.happy-size.nl/longshirt-miamoda-688598/,7-4-2018,Product Page,Longshirt,Longshirt,39.99,NA,1,68859/80X , donkergrijs ,NA,NA,NA,NA,1
https://www.happy-size.nl/jeans-met-cargozakken-men-plus-677029/,7-4-2018,Product Page,Jeans met cargozakken,Jeans met cargozakken,24.99, 	  € 49.99 ,1,17658/40X , black stone ,NA,NA,NA,NA,1
https://www.happy-size.nl/slim-fit-jeans-janet-joyce-370270/,7-4-2018,Product Page,Slim fit jeans,Slim fit jeans,24.99,   € 39.99 ,1,37027/00X , dark blue ,NA,NA,NA,NA,1
https://www.happy-size.nl/ProductDisplay?langId=31&catalogId=1000530100&storeId=1000530003&productId=2581848&colorId=zwart+gedessineerd&channel_code=485&s2m_product_id=27792%2F10X&utm_source=stylelounge&utm_medium=feed&vcp=89tgujh48tjhu54&refID=Happysize_NL/Stylight/Dames/Alle-artikelen/Truien-&-vesten/27792/10X/&emsrc=Produktportale,7-4-2018,Product Page,Bolero,Bolero,19.99, 	  € 49.99 ,1,27792/10X , zwart gedessineerd ,NA,NA,NA,NA,1
https://www.happy-size.nl/shirt-janet-joyce-882795/,7-4-2018,Product Page,Shirt,Shirt,14.99, 	  € 34.99 ,1,88279/50X , grijs gemêleerd ,NA,NA,NA,NA,1
https://www.happy-size.nl/jasje-537348/,7-4-2018,Product Page,Jasje,Jasje,29.99, 	  € 59.99 ,1,53734/80X , blauw gedessineerd ,NA,NA,NA,NA,1
https://www.happy-size.nl/shirt-614289/,7-4-2018,Product Page,Shirt,Shirt,19.99, 	  € 39.99 ,1,61428/90X , marine gedessineerd ,NA,NA,NA,NA,1
https://www.happy-size.nl/tuniek-sara-lindholm-103325/,7-4-2018,Product Page,Tuniek,Tuniek,34.99, 	  € 49.99 ,1,10332/50X , zwart gedessineerd ,NA,NA,NA,NA,1
https://www.happy-size.nl/sweatshirt-janet-joyce-055236/,7-4-2018,Product Page,Sweatshirt,Sweatshirt,39.99,NA,1,05523/60X , grijs gemêleerd gedessineerd ,NA,NA,NA,NA,1
https://www.happy-size.nl/shirt-sara-lindholm-777052/,7-4-2018,Product Page,Shirt,Shirt,24.99, 	  € 34.99 ,1,77705/20X , offwhite gedessineerd ,NA,NA,NA,NA,1
https://www.happy-size.nl/gewatteerde-jas-899021/,7-4-2018,Product Page,Gewatteerde jas,Gewatteerde jas,59.99, 	  € 89.99 ,1,98799/60X , kaki ,NA,NA,NA,NA,1
https://www.happy-size.nl/broek-angel-of-style-384014/,7-4-2018,Product Page,Broek,Broek,24.99, 	  € 49.99 ,1,38401/40X , kaki ,NA,NA,NA,NA,1
https://www.happy-size.nl/ProductDisplay?langId=31&catalogId=1000530100&storeId=1000530003&productId=2704603&colorId=zwart&channel_code=1339&s2m_product_id=58654%2F10X&vcp=31fa2b6f182cfb&emsrc=retarget&utm_source=RTBHouse&utm_medium=feed&refID=Happysize_NL/RTBHouse/Dames-Alle-artikelen-Shirtstops/586541,7-4-2018,Product Page,Topje,Topje,14.99,NA,1,58654/10X , zwart ,NA,NA,NA,NA,1
https://www.happy-size.nl/ProductDisplay?catalogId=1000530100&langId=31&partNumber=586541&storeId=1000530003&krypto=w80b%2BSVToV8st9xvQ7jc2beL2p5YUBSCFpc%2BkHwujvJps%2BNh545ICHHxiCsFPOU0Gey8Z0c7upVQIxYFYq4Iu9wRuh2miFGrbsD8eHszuUWkBgAa0PkS90ikQFP%2BBDZpTzxDXUizJFdiK%2FDBWCZk%2FnID8Y%2Bk2uolAZT8RlITACtmkCcDOA5cCxri2O6r5ZWiiAxS4wPd760SyW3FTQ1%2F6Q%3D%3D,7-4-2018,Product Page,Topje,Topje,14.99,NA,1,09907/30X , framboos ,NA,NA,NA,NA,1
https://www.happy-size.nl/jurk-yoek-623484/,7-4-2018,Product Page,Jurk,Jurk,129.99, 	  € 169.90 ,1,62348/40X , Marine ,NA,NA,NA,NA,1
https://www.happy-size.nl/broek-sara-lindholm-802116/,7-4-2018,Product Page,Broek,Broek,49.99,NA,1,80211/60X , zwart ,NA,NA,NA,NA,1
https://www.happy-size.nl/sweatpants-zizzi-096525/,7-4-2018,Product Page,Sweatpants,Sweatpants,24.99, 	  € 44.95 ,1,09652/50X , zwart ,NA,NA,NA,NA,1
https://www.happy-size.nl/trui-angel-of-style-336438/,7-4-2018,Product Page,Trui,Trui,29.99, 	  € 49.99 ,1,33643/80X , roze ,NA,NA,NA,NA,1
https://www.happy-size.nl/shirt-jack-jones-540902/,7-4-2018,Product Page,Shirt,Shirt,17.99,NA,1,92858/60X , marine gedessineerd ,NA,NA,NA,NA,1
https://www.happy-size.nl/ProductDisplay?catalogId=1000530100&categoryId=104328&langId=31&productId=2336170&storeId=1000530003&colorId=zwart,7-4-2018,Product Page,Gewatteerde jas,Gewatteerde jas,59.99, 	  € 99.95 ,1,31897/00X , zwart ,NA,NA,NA,NA,1
https://www.happy-size.nl/ProductDisplay?catalogId=1000530100&categoryId=104328&langId=31&productId=1103509&storeId=1000530003&colorId=donkerblauw,7-4-2018,Product Page,Parka met capuchon en imitatiebontkraag,Parka met capuchon en imitatiebontkraag,179.95,NA,1,41567/90X , donkerblauw ,NA,NA,NA,NA,1
https://www.happy-size.nl/outdoorjas-win-star-367934/,7-4-2018,Product Page,Outdoorjas,Outdoorjas,79.99, 	  € 99.99 ,1,45185/20X , rood ,NA,NA,NA,NA,1
https://www.happy-size.nl/ProductDisplay?catalogId=1000530100&langId=31&partNumber=470237&storeId=1000530003&krypto=0PKc%2FgXUvf3trtMdcUw8zWSzxVNq6BpkkEQMDfWTWEziHSSZSv3AogO1bw1XvNLf20JC%2BVHx6rBbxdQiFKqJL2USc%2BxOnM4BLUViP47w9g0TaPDc6QcaUBg%2BXSBW9LhqrA48NjibopJCgDJYQ%2F840W1QcMrEQSEmG24k6S%2BdbW9BQVPlMGomCHq6xGdk%2Br%2FSxaIemz2qQzV72cD%2FhE34UQ%3D%3D,7-4-2018,Product Page,Vest,Vest,49.99, 	  € 79.99 ,1,77703/50X , rood gemêleerd ,NA,NA,NA,NA,1
https://www.happy-size.nl/ProductDisplay?catalogId=1000530100&categoryId=104328&langId=31&productId=2704585&storeId=1000530003&colorId=mint,7-4-2018,Product Page,Regenjas,Regenjas,69.99,NA,1,10421/20X , mint ,NA,NA,NA,NA,1
https://www.happy-size.nl/ProductDisplay?catalogId=1000530100&categoryId=104408&langId=31&productId=1783081&storeId=1000530003&colorId=bruin,7-4-2018,Product Page,Imitatieleren jas met used effect,Imitatieleren jas met used effect,49.99,   € 89.99 ,1,41625/50X , bruin ,NA,NA,NA,NA,1
https://www.happy-size.nl/ProductDisplay?catalogId=1000530100&categoryId=104408&langId=31&productId=2523581&sizeId=52%2F54&storeId=1000530003&colorId=taupe,7-4-2018,Product Page,Overhemd,Overhemd,14.99, 	  € 24.99 ,1,40523/30X , taupe ,NA,NA,NA,NA,1
https://www.happy-size.nl/hybride-vest-win-star-297511/,7-4-2018,Product Page,Hybride vest,Hybride vest,34.99, 	  € 89.99 ,1,47017/50X , lichtgrijs/wit ,NA,NA,NA,NA,1
https://www.happy-size.nl/ProductDisplay?catalogId=1000530100&categoryId=199685&langId=31&productId=2211186&sizeId=64%2F66&storeId=1000530003&colorId=zwart%2Fgrijs,7-4-2018,Product Page,Trainingsjack,Trainingsjack,26.99, 	  € 54.99 ,1,17546/30X , zwart/grijs ,NA,NA,NA,NA,1
https://www.happy-size.nl/ProductDisplay?catalogId=1000530100&categoryId=104328&langId=31&productId=2547698&storeId=1000530003&colorId=wit,7-4-2018,Product Page,Spijkerjasje,Spijkerjasje,59.99,NA,1,81835/10X , wit ,NA,NA,NA,NA,1
https://www.happy-size.nl/lange-blouse-janet-joyce-498614/,7-4-2018,Product Page,Lange blouse,Lange blouse,29.99,NA,1,49861/40X , pink/wit gestreept ,NA,NA,NA,NA,1
https://www.happy-size.nl/ProductDisplay?catalogId=1000530100&categoryId=104407&langId=31&productId=2304562&storeId=1000530003&colorId=marine,7-4-2018,Product Page,Shirt,Shirt,14.99, 	  € 29.99 ,1,83529/60X , marine ,NA,NA,NA,NA,1
https://www.happy-size.nl/gewatteerde-jas-496315/,7-4-2018,Product Page,Gewatteerde jas,Gewatteerde jas,59.99,   € 99.99 ,1,49631/50X , olijf/zwart ,NA,NA,NA,NA,1
https://www.happy-size.nl/ProductDisplay?catalogId=1000530100&categoryId=496685&langId=31&productId=2472028&storeId=1000530003&colorId=blauw+gem%C3%AAleerd,7-4-2018,Product Page,Jas,Jas,59.99, 	  € 79.99 ,1,66724/40X , blauw gemêleerd ,NA,NA,NA,NA,1
https://www.happy-size.nl/ProductDisplay?catalogId=1000530100&categoryId=104376&langId=31&productId=2168591&storeId=1000530003&colorId=blauwgrijs,7-4-2018,Product Page,Jas,Jas,49.95, 	  € 89.99 ,1,66295/70X , blauwgrijs ,NA,NA,NA,NA,1
https://www.happy-size.nl/ProductDisplay?langId=31&catalogId=1000530100&storeId=1000530003&productId=2253125&colorId=zwart&channel_code=34&s2m_product_id=36690%2F20X+&vcp=fc6cba197e0284&utm_source=tradetracker&utm_medium=feed&trackingData=999873%3A%3A88728%3A%3A131493524%3A%3ATTMD5%3A%3A1519993573&s2m_exaffid=88728&refID=Happy-Size%2FTradetracker%2Fhomepage%2Fbanners-tekstlinks&-mantels%2F36690%2F20X=&emsrc=Affiliate&s2m_channel=34&emrcs=Affiliate,7-4-2018,Product Page,Parka,Parka,99.99,NA,1,36690/20X , zwart ,NA,NA,NA,NA,1
https://www.happy-size.nl/outdoorparka-516011/,7-4-2018,Product Page,Outdoorparka,Outdoorparka,149.0,NA,1,51601/10X , bordeaux ,NA,NA,NA,NA,1
https://www.happy-size.nl/outdoorjas-killtec-904639/,7-4-2018,Product Page,Outdoorjas,Outdoorjas,99.99, 	  € 149.99 ,1,90463/90X , kaki ,NA,NA,NA,NA,1
https://www.happy-size.nl/ProductDisplay?catalogId=1000530100&langId=31&partNumber=950022&storeId=1000530003&krypto=MsSOjFCnFMi45Nm%2FKzfs7YWf7ua1Y0ctO%2Bg0bTkWFt8ZfoUKcFMyVeVOUC4FdoKCIBD9VnPOBoOJeJlPe1Nb2XlrR9jLczqRDawAxm8%2B9PHeYHAjDD7fNBHDmdLakM2awSrJ5cOfpjsB%2BzvBS4vBH1qOFHZIPHUnelZQFOaXUoycqwLYV%2BJE17LzNCLFyKH6%2B7YbIy5SstBQOoqsbEZRTA%3D%3D,7-4-2018,Product Page,Outdoorjack met capuchon en imitatiebont,Outdoorjack met capuchon en imitatiebont,79.99, 	  € 139.00 ,1,47280/10X , wit/zwart ,NA,NA,NA,NA,1
https://www.happy-size.nl/ProductDisplay?catalogId=1000530100&langId=31&partNumber=234284&storeId=1000530003&krypto=2r%2FMYnrHsdqmBtcMcjc3YwcwyQKxujrFu9KedEvxv9rbbwrSUdWO4RE%2BvBdgYWwGkIkKsrvbBkQsc85lv2bmHMP%2BjKA1hQMF3RWoqswOXS%2BHCdEPXwRM%2FjvAs%2FGhRIdoHdDZnPE24pL6d2a0rG4W8JCDGrTC487GCHHNuTpqCx1EbsKe%2B0JRC37ZKFJTYsLQY5blhdRluvsEPS3Kw2VFow%3D%3D,7-4-2018,Product Page,Outdoorjas met capuchon,Outdoorjas met capuchon,79.99, 	  € 179.95 ,1,23428/40X , lime ,NA,NA,NA,NA,1
https://www.happy-size.nl/outdoorjack-metcapuchonenimitatiebont-win-star-950022/,7-4-2018,Product Page,Outdoorjack met capuchon en imitatiebont,Outdoorjack met capuchon en imitatiebont,79.99, 	  € 139.00 ,1,47280/10X , wit/zwart ,NA,NA,NA,NA,1
https://www.happy-size.nl/ProductDisplay?langId=31&catalogId=1000530100&storeId=1000530003&productId=2253125&colorId=zwart&channel_code=34&s2m_product_id=36690%2F20X+&vcp=fc6cba197e0284&utm_source=tradetracker&utm_medium=feed&trackingData=999873%3A%3A88728%3A%3A131493120%3A%3ATTMD5%3A%3A1519993369&s2m_exaffid=88728&refID=Happy-Size%2FTradetracker%2Fhomepage%2Fbanners-tekstlinks&-mantels%2F36690%2F20X=&emsrc=Affiliate&s2m_channel=34&emrcs=Affiliate,7-4-2018,Product Page,Parka,Parka,99.99,NA,1,36690/20X , zwart ,NA,NA,NA,NA,1
https://www.happy-size.nl/ProductDisplay?langId=31&catalogId=1000530100&storeId=1000530003&productId=2336026&colorId=blauw&channel_code=34&s2m_product_id=31532%2F30X+&vcp=fc6cba197e0284&utm_source=tradetracker&utm_medium=feed&trackingData=999873%3A%3A88728%3A%3A131493832%3A%3ATTMD5%3A%3A1519993709&s2m_exaffid=88728&refID=Happy-Size%2FTradetracker%2Fhomepage%2Fbanners-tekstlinks&-mantels%2F31532%2F30X=&emsrc=Affiliate&s2m_channel=34&emrcs=Affiliate,7-4-2018,Product Page,Outdoorjas,Outdoorjas,119.95,NA,1,31532/30X , blauw ,NA,NA,NA,NA,1
https://www.happy-size.nl/3-in-1-outdoorjas-waterafstotend-winddicht-449595/,7-4-2018,Product Page,3-in-1 outdoorjas, waterafstotend & winddicht,3-in-1 outdoorjas, waterafstotend & winddicht,139.0,NA,1,44959/50X , grijs gemêleerd ,NA,NA,NA,NA,1
https://www.happy-size.nl/jas-met-print-men-plus-383602/,7-4-2018,Product Page,Jas met print,Jas met print,34.99,   € 69.99 ,1,38360/20X , olijf/zwart ,NA,NA,NA,NA,1
https://www.happy-size.nl/ProductDisplay?langId=31&storeId=1000530003&catalogId=1000530100&productId=2396108&fromPage=CategoryDisplay&categoryId=&top_category=&field2=19139%2F50X&wmnr=0X&productId=2396108&productPartNumber=191395&offerPrice=44.99&langId=31&storeId=1000530003&catalogId=1000530100&fromPage=QuickView&categoryId=&top_category=&selectedColor=marine&colorId=marine&selectedColor=marine&selectedSize=56&selectedSize=56&sizeId=56&isAjaxCall=true&catEntryId=2396288&quantity=1&available=5,7-4-2018,Product Page,Bomberjack,Bomberjack,34.99, 	  € 79.99 ,1,19139/50X , marine ,NA,NA,NA,NA,1
https://www.happy-size.nl/tuniek-janet-joyce-689774/,7-4-2018,Product Page,Tuniek,Tuniek,29.99,NA,1,87052/30X , berry ,NA,NA,NA,NA,1
https://www.happy-size.nl/dameskleding/janet--joyce/ProductDisplay?langId=31&storeId=1000530003&catalogId=1000530100&productId=3256002&fromPage=CategoryDisplay&categoryId=&top_category=&field2=85975%2F70X&wmnr=0X&productId=3256002&productPartNumber=859757&offerPrice=29.99&langId=31&storeId=1000530003&catalogId=1000530100&fromPage=QuickView&categoryId=&top_category=&selectedColor=light+petrol&colorId=light+petrol&selectedColor=light+petrol&selectedSize=58&selectedSize=58&sizeId=58&isAjaxCall=true&catEntryId=3257456&quantity=1&available=5,7-4-2018,Product Page,Shirt,Shirt,29.99,NA,1,85975/70X , light petrol ,NA,NA,NA,NA,1
https://www.happy-size.nl/ProductDisplay?catalogId=1000530100&categoryId=104407&langId=31&productId=2364019&storeId=1000530003&colorId=gebloemd,7-4-2018,Product Page,Sweatjasje,Sweatjasje,49.99,NA,1,62005/40X , gebloemd ,NA,NA,NA,NA,1
https://www.happy-size.nl/ProductDisplay?catalogId=1000530100&langId=31&partNumber=768788&storeId=1000530003&krypto=oG8SHaZwTB1ZMfZwLAz2FtGOKmw1Oj%2B3MqdzvAm9Wp6BqEX0JlezLynpgWj4%2F8sOaII349sFwoZgKUNnh8V8d3WrmUopY%2FjzwnXqKXj88Ry3J1M8N9PU%2BGhiGx%2BThB3chsRAuzGoJ55xqm5TnH8%2B%2BhN8j5ks8bKzdwn4QLM9uq9orv4Oiqsruy2YEJl1PUNDfPQaoMVaYh%2F1LrEtNT3QBw%3D%3D,7-4-2018,Product Page,Shirt met strassteentjes,Shirt met strassteentjes,29.99,NA,1,76878/80X , grijs gemêleerd ,NA,NA,NA,NA,1
https://www.happy-size.nl/ProductDisplay?catalogEntryId=2363379&catalogId=1000530100&urlLangId=31&top_category=&parent_category_rn=&categoryId=&langId=31&productId=2346399&sizeId=58&storeId=1000530003&colorId=grijs+gem%C3%AAleerd,7-4-2018,Product Page,Shirt met strassteentjes,Shirt met strassteentjes,29.99,NA,1,76878/80X , grijs gemêleerd ,NA,NA,NA,NA,1
https://www.happy-size.nl/ProductDisplay?catalogId=1000530100&categoryId=104408&langId=31&productId=3776824&storeId=1000530003&colorId=grijs+oil+washed,7-4-2018,Product Page,Shirt,Shirt,19.99,NA,1,64369/80X , blauw oil wash ,NA,NA,NA,NA,1
https://www.happy-size.nl/ProductDisplay?catalogId=1000530100&categoryId=104408&langId=31&productId=2523581&storeId=1000530003&colorId=taupe,7-4-2018,Product Page,Overhemd,Overhemd,14.99,   € 24.99 ,1,40523/30X , taupe ,NA,NA,NA,NA,1
https://www.happy-size.nl/ProductDisplay?catalogEntryId=2364908&catalogId=1000530100&urlLangId=31&top_category=&parent_category_rn=&categoryId=&langId=31&productId=2364019&sizeId=58&storeId=1000530003&colorId=gebloemd,7-4-2018,Product Page,Sweatjasje,Sweatjasje,49.99,NA,1,62005/40X , gebloemd ,NA,NA,NA,NA,1
https://www.happy-size.nl/ProductDisplay?catalogId=1000530100&categoryId=104407&langId=31&productId=1264090&storeId=1000530003&colorId=blue+bleached,7-4-2018,Product Page,Jeans,Jeans,59.99,NA,1,62956/60X , blue bleached ,NA,NA,NA,NA,1
https://www.happy-size.nl/shirt-janet-joyce-421974/,7-4-2018,Product Page,Shirt,Shirt,14.99, 	  € 24.99 ,1,42197/40X , kaki oil washed ,NA,NA,NA,NA,1
https://www.happy-size.nl/shirt-janet-joyce-746875/,7-4-2018,Product Page,Shirt,Shirt,19.99,NA,1,74687/50X , zwart ,NA,NA,NA,NA,1
https://www.happy-size.nl/ProductDisplay?catalogId=1000530100&langId=31&partNumber=768788&storeId=1000530003&krypto=pzhtnkYsXO2HpuWgBd1gGoLgrqOrfPslOp%2FeXd7v1oTDiL9vtYH0xpef7MaYJjC4G31WJxEbdj2uMQjQPZQWwgIl5rA5Tx53Uv8M42bzTX7LmzwPCRwFUE0o5EzbLjQFoU6RaXpo4jF%2FM3t5mO3KFC3mOq4h1r4n9dGEldnULmYCnU7VdF6xn%2Fu0c10Vxuy8L4EVREzfqWbgg6%2Fjq7NWxw%3D%3D,7-4-2018,Product Page,Shirt met strassteentjes,Shirt met strassteentjes,29.99,NA,1,76878/80X , grijs gemêleerd ,NA,NA,NA,NA,1
https://www.happy-size.nl/shirt-438424/,7-4-2018,Product Page,Shirt,Shirt,14.99, 	  € 24.99 ,1,43842/40X , zwart gedessineerd ,NA,NA,NA,NA,1
https://www.happy-size.nl/herenkleding/ProductDisplay?langId=31&storeId=1000530003&catalogId=1000530100&productId=2199171&fromPage=CategoryDisplay&categoryId=&top_category=&field2=00887%2F00X&wmnr=0X&productId=2199171&productPartNumber=008870&offerPrice=55.99&langId=31&storeId=1000530003&catalogId=1000530100&fromPage=QuickView&categoryId=&top_category=&selectedColor=olijf&colorId=olijf&selectedColor=olijf&selectedSize=64&selectedSize=64&sizeId=64&isAjaxCall=true&catEntryId=2200575&quantity=1&available=5,7-4-2018,Product Page,Jas,Jas,55.99, 	  € 106.99 ,1,00887/00X , olijf ,NA,NA,NA,NA,1
https://www.happy-size.nl/ProductDisplay?catalogId=1000530100&langId=31&partNumber=347831&storeId=1000530003&krypto=RYKnT8ifQEtf7XmiFKevcYJtX1WD7Bds%2F7tag1rUKF%2Bze07aGndvdra8hg8Q%2BJu6739%2FmPD55djoOw%2FVNmhmeuIkWVBkMguBkMnldrzaApkyYaFH2QiKs4KeDtTRylqEMJ0wmjQdG6hQGHc5bWCDgX13FXr1jXb3%2F5FCDlDk5wO2CdtiqQzfNqKOH0ugnEynCZVv5Oiejrt0AeuAvoOkww%3D%3D,7-4-2018,Product Page,Sweatshirt,Sweatshirt,39.99,NA,1,34783/10X , zwart gedessineerd ,NA,NA,NA,NA,1
https://www.happy-size.nl/blouse-met-print-rondom-janet-joyce-152728/,7-4-2018,Product Page,Blouse met print rondom,Blouse met print rondom,29.99, 	  € 39.99 ,1,15272/80X , blauw gedessineerd ,NA,NA,NA,NA,1
https://www.happy-size.nl/blouse-met-print-rondom-611277/,7-4-2018,Product Page,Blouse met print rondom,Blouse met print rondom,24.99, 	  € 39.99 ,1,61127/70X , wit gedessineerd ,NA,NA,NA,NA,1
https://www.happy-size.nl/shirt-met-strassteentjes-769562/,7-4-2018,Product Page,Shirt met strassteentjes,Shirt met strassteentjes,19.99, 	  € 29.99 ,1,76956/20X , grijs gemêleerd ,NA,NA,NA,NA,1
https://www.happy-size.nl/ProductDisplay?catalogId=1000530100&categoryId=104407&langId=31&productId=2539607&storeId=1000530003&colorId=grijs%2Fwit,7-4-2018,Product Page,Shirt,Shirt,29.99,NA,1,58973/90X , grijs/wit ,NA,NA,NA,NA,1
https://www.happy-size.nl/ProductDisplay?catalogId=1000530100&categoryId=104407&langId=31&productId=2304562&storeId=1000530003&colorId=donkergrijs,7-4-2018,Product Page,Shirt,Shirt,14.99, 	  € 29.99 ,1,83518/90X , donkergrijs ,NA,NA,NA,NA,1
https://www.happy-size.nl/ProductDisplay?catalogId=1000530100&categoryId=104568&langId=31&productId=1676149&storeId=1000530003&colorId=bruin,7-4-2018,Product Page,Instapper,Instapper,39.95, 	  € 64.95 ,1,45420/70X , zwart ,NA,NA,NA,NA,1
https://www.happy-size.nl/ProductDisplay?catalogId=1000530100&categoryId=104376&langId=31&productId=2472052&storeId=1000530003&colorId=marine,7-4-2018,Product Page,Outdoorjas,Outdoorjas,99.99, 	  € 149.99 ,1,55835/10X , marine ,NA,NA,NA,NA,1
https://www.happy-size.nl/ProductDisplay?catalogId=1000530100&categoryId=104376&langId=31&productId=2189093&storeId=1000530003&colorId=zwart,7-4-2018,Product Page,Bomberjack,Bomberjack,29.99,NA,1,27529/70X , zwart ,NA,NA,NA,NA,1
https://www.happy-size.nl/blouse-sara-lindholm-736637/,7-4-2018,Product Page,Blouse,Blouse,19.99, 	  € 49.99 ,1,73663/70X , gedessineerd ,NA,NA,NA,NA,1
https://www.happy-size.nl/softshell-jas-409516/,7-4-2018,Product Page,Softshell jas,Softshell jas,49.99, 	  € 89.99 ,1,40951/60X , biscaya ,NA,NA,NA,NA,1
https://www.happy-size.nl/dameskleding/ProductDisplay?langId=31&storeId=1000530003&catalogId=1000530100&productId=2606518&fromPage=CategoryDisplay&categoryId=&top_category=&field2=58883%2F00X&wmnr=0X&productId=2606518&productPartNumber=588830&offerPrice=39.99&langId=31&storeId=1000530003&catalogId=1000530100&fromPage=QuickView&categoryId=&top_category=&selectedColor=dark+blue&colorId=dark+blue&selectedColor=dark+blue&selectedSize=&selectedSize=&sizeId=&isAjaxCall=true&quantity=1,7-4-2018,Product Page,Jeans,Jeans,39.99,NA,1,58883/00X , dark blue ,NA,NA,NA,NA,1
https://www.happy-size.nl/ProductDisplay?catalogId=1000530100&categoryId=104468&langId=31&productId=2588740&storeId=1000530003&colorId=wit%2Flichtblauw,7-4-2018,Product Page,Blouse met strepen,Blouse met strepen,19.99, 	  € 39.99 ,1,03881/00X , wit/lichtblauw ,NA,NA,NA,NA,1
https://www.happy-size.nl/shirt-zizzi-391074/,7-4-2018,Product Page,Shirt,Shirt,12.99, 	  € 19.95 ,1,98848/10X , offwhite/rood ,NA,NA,NA,NA,1
https://www.happy-size.nl/ProductDisplay?langId=31&catalogId=1000530100&storeId=1000530003&productId=3258097&colorId=multicolor+gedessineerd&channel_code=34&s2m_product_id=62916%2F80X+&vcp=fc6cba197e0284&utm_source=tradetracker&utm_medium=feed&trackingData=999873%3A%3A88728%3A%3A135647696%3A%3ATTMD5%3A%3A1522236242&s2m_exaffid=88728&refID=Happy-Size%2FTradetracker%2Fhomepage%2Fbanners-tekstlinks&-tops%2F62916%2F80X=&emsrc=Affiliate&s2m_channel=34&emrcs=Affiliate,7-4-2018,Product Page,Shirt,Shirt,39.99,NA,1,62916/80X , multicolor gedessineerd ,NA,NA,NA,NA,1
https://www.happy-size.nl/ProductDisplay?langId=31&catalogId=1000530100&storeId=1000530003&productId=3174588&colorId=marine&channel_code=34&s2m_product_id=70019%2F10X+&vcp=fc6cba197e0284&utm_source=tradetracker&utm_medium=feed&trackingData=999873%3A%3A88728%3A%3A135647572%3A%3ATTMD5%3A%3A1522236175&s2m_exaffid=88728&refID=Happy-Size%2FTradetracker%2Fhomepage%2Fbanners-tekstlinks&-tops%2F70019%2F10X=&emsrc=Affiliate&s2m_channel=34&emrcs=Affiliate,7-4-2018,Product Page,Shirt,Shirt,29.99,NA,1,70019/10X , marine ,NA,NA,NA,NA,1
https://www.happy-size.nl/ProductDisplay?langId=31&catalogId=1000530100&storeId=1000530003&productId=2986466&colorId=dark+blue&channel_code=34&s2m_product_id=21261%2F30X+&vcp=fc6cba197e0284&utm_source=tradetracker&utm_medium=feed&trackingData=999873%3A%3A88728%3A%3A135648068%3A%3ATTMD5%3A%3A1522236437&s2m_exaffid=88728&refID=Happy-Size%2FTradetracker%2Fhomepage%2Fbanners-tekstlinks&emsrc=Affiliate&s2m_channel=34&emrcs=Affiliate,7-4-2018,Product Page,Jeans,Jeans,29.99, 	  € 49.99 ,1,21261/30X , dark blue ,NA,NA,NA,NA,1
https://www.happy-size.nl/ProductDisplay?langId=31&catalogId=1000530100&storeId=1000530003&productId=3256127&colorId=blauw%2Fwit+gestreept&channel_code=34&s2m_product_id=00882%2F70X+&vcp=fc6cba197e0284&utm_source=tradetracker&utm_medium=feed&trackingData=999873%3A%3A88728%3A%3A135647760%3A%3ATTMD5%3A%3A1522236286&s2m_exaffid=88728&refID=Happy-Size%2FTradetracker%2Fhomepage%2Fbanners-tekstlinks&-tunieken%2F00882%2F70X=&emsrc=Affiliate&s2m_channel=34&emrcs=Affiliate,7-4-2018,Product Page,Blouse,Blouse,39.99,NA,1,00882/70X , blauw/wit gestreept ,NA,NA,NA,NA,1
https://www.happy-size.nl/ProductDisplay?langId=31&catalogId=1000530100&storeId=1000530003&productId=2596600&colorId=wit+gedessineerd&channel_code=34&s2m_product_id=43720%2F20X+&vcp=fc6cba197e0284&utm_source=tradetracker&utm_medium=feed&trackingData=999873%3A%3A88728%3A%3A135648504%3A%3ATTMD5%3A%3A1522236654&s2m_exaffid=88728&refID=Happy-Size%2FTradetracker%2Fhomepage%2Fbanners-tekstlinks&-tunieken%2F43720%2F20X=&emsrc=Affiliate&s2m_channel=34&emrcs=Affiliate,7-4-2018,Product Page,Blouse,Blouse,29.99, 	  € 39.99 ,1,43720/20X , wit gedessineerd ,NA,NA,NA,NA,1
https://www.happy-size.nl/ProductDisplay?langId=31&catalogId=1000530100&storeId=1000530003&productId=2953226&colorId=marine%2Fwit&channel_code=34&s2m_product_id=42308%2F30X+&vcp=fc6cba197e0284&utm_source=tradetracker&utm_medium=feed&trackingData=999873%3A%3A88728%3A%3A135647896%3A%3ATTMD5%3A%3A1522236345&s2m_exaffid=88728&refID=Happy-Size%2FTradetracker%2Fhomepage%2Fbanners-tekstlinks&-tops%2F42308%2F30X=&emsrc=Affiliate&s2m_channel=34&emrcs=Affiliate,7-4-2018,Product Page,Poloshirt,Poloshirt,39.99,NA,1,42308/30X , marine/wit ,NA,NA,NA,NA,1
https://www.happy-size.nl/ProductDisplay?catalogId=1000530100&categoryId=104411&langId=31&productId=2588525&storeId=1000530003&colorId=mauve,7-4-2018,Product Page,Sweatshirt,Sweatshirt,39.99,NA,1,07477/90X , mauve ,NA,NA,NA,NA,1
https://www.happy-size.nl/ProductDisplay?catalogId=1000530100&categoryId=104328&langId=31&productId=2334539&storeId=1000530003&colorId=zwart%2Fwit,7-4-2018,Product Page,Outdoorjack met capuchon en imitatiebont,Outdoorjack met capuchon en imitatiebont,79.99, 	  € 139.00 ,1,95002/20X , zwart/wit ,NA,NA,NA,NA,1
https://www.happy-size.nl/ProductDisplay?catalogId=1000530100&categoryId=104568&langId=31&productId=1800096&storeId=1000530003&colorId=olijf%2Fzwart,7-4-2018,Product Page,Jas met print,Jas met print,34.99,   € 69.99 ,1,38360/20X , olijf/zwart ,NA,NA,NA,NA,1
https://www.happy-size.nl/shirt-620443/,7-4-2018,Product Page,Shirt,Shirt,14.99, 	  € 29.99 ,1,83518/90X , donkergrijs ,NA,NA,NA,NA,1
https://www.happy-size.nl/sportkleding-dames/ProductDisplay?langId=31&storeId=1000530003&catalogId=1000530100&productId=18419&fromPage=CategoryDisplay&categoryId=&top_category=&field2=16044%2F80X&wmnr=0X&productId=18419&productPartNumber=055960&offerPrice=115.0&langId=31&storeId=1000530003&catalogId=1000530100&fromPage=QuickView&categoryId=&top_category=&selectedColor=blauw+gecombineerd&colorId=blauw+gecombineerd&selectedColor=blauw+gecombineerd&attrId=K&selectedSize=7%C2%BD&selectedSize=7%C2%BD&sizeId=7%C2%BD&isAjaxCall=true&catEntryId=79989&quantity=1&available=5,7-4-2018,Product Page,Wandelschoen,Wandelschoen,99.99,NA,1,05596/00X , blauw gecombineerd ,NA,NA,NA,NA,1
https://www.happy-size.nl/ProductDisplay?catalogId=1000530100&langId=31&partNumber=620054&storeId=1000530003&krypto=ZX1WZsAthxU5P3pWtCqJ%2BU%2F8tUV%2BmxbmxAPMWmRcHmvcYZRf8wx3Zl8aubXyi5lcgFondsvMLTu%2FY4sIBBr1gwcBUDkEVqnZw%2BVQuf46pxOaD2fVs2UsNBdaONscwRIkiXihBhDeom7DTYQ7riUtOnKudj943ds9tlrast2OozkOnrx73qDF2nSQ34fqKxudsCC8gXO2NIMOZYtT9QECdQ%3D%3D,7-4-2018,Product Page,Sweatjasje,Sweatjasje,49.99,NA,1,62005/40X , gebloemd ,NA,NA,NA,NA,1
https://www.happy-size.nl/overhemd-men-plus-627493/,7-4-2018,Product Page,Overhemd,Overhemd,19.99,   € 29.99 ,1,87388/10X , rood/wit/marine ,NA,NA,NA,NA,1
https://www.happy-size.nl/ProductDisplay?catalogId=1000530100&langId=31&partNumber=627493&storeId=1000530003&krypto=xxSwbM88hSh9x%2FleDH1a6Bc7yymTGztALrlJvXos%2BVqUhSLadxFQ9aYbB5ik0OdD7FVDjvmUGzm6mjUOVufjXdC6XOZl0SDMaYT4oCfUK0qlqgLNbVZf71ouN2%2BmZ3lBmHF%2F3BjPa5LJCE%2BBbTIcldAEOQFHOgOGcoJF8HLH4vHEYg1qoBMdcKRckrrD8Z%2BfYcdR1vk5PfB9lamn1Gb6lQ%3D%3D,7-4-2018,Product Page,Overhemd,Overhemd,19.99,   € 29.99 ,1,87388/10X , rood/wit/marine ,NA,NA,NA,NA,1
https://www.happy-size.nl/ProductDisplay?catalogId=1000530100&categoryId=104376&langId=31&productId=1800060&storeId=1000530003&colorId=new+colour,7-4-2018,Product Page,Gilet,Gilet,49.99,NA,1,64104/30X , new colour ,NA,NA,NA,NA,1
https://www.happy-size.nl/shirt-via-appia-due-960393/,7-4-2018,Product Page,Shirt,Shirt,27.99, 	  € 49.95 ,1,96039/30X , zwart/ecru ,NA,NA,NA,NA,1
https://www.happy-size.nl/jas-men-plus-192849/,7-4-2018,Product Page,Jas,Jas,39.99,   € 79.99 ,1,19284/90X , marine/wit ,NA,NA,NA,NA,1
https://www.happy-size.nl/spijkerjack-van-jogdenim-men-plus-211615/,7-4-2018,Product Page,Spijkerjack van jogdenim,Spijkerjack van jogdenim,69.99,NA,1,21161/50X , dark blue used ,NA,NA,NA,NA,1
https://www.happy-size.nl/outdoorjas-302513/,7-4-2018,Product Page,Outdoorjas,Outdoorjas,59.99,   € 119.99 ,1,30251/30X , kaki/zwart ,NA,NA,NA,NA,1
https://www.happy-size.nl/jas-485011/,7-4-2018,Product Page,Jas,Jas,49.99,   € 99.99 ,1,48501/10X , kaki ,NA,NA,NA,NA,1
https://www.happy-size.nl/jas-511291/,7-4-2018,Product Page,Jas,Jas,79.99,   € 169.99 ,1,51129/10X , blauw ,NA,NA,NA,NA,1
https://www.happy-size.nl/tuniek-met-bloemenprint-498543/,7-4-2018,Product Page,Tuniek met bloemenprint,Tuniek met bloemenprint,24.99, 	  € 34.99 ,1,49854/30X , zwart/ecru ,NA,NA,NA,NA,1
https://www.happy-size.nl/broek-janet-joyce-183798/,7-4-2018,Product Page,Broek,Broek,19.99, 	  € 39.99 ,1,18379/80X , steengrijs ,NA,NA,NA,NA,1
https://www.happy-size.nl/poloshirt-414425/,7-4-2018,Product Page,Poloshirt,Poloshirt,29.99,   € 39.99 ,1,41442/50X , kaki ,NA,NA,NA,NA,1
https://www.happy-size.nl/shirt-321659/,7-4-2018,Product Page,Shirt,Shirt,24.99, 	  € 34.99 ,1,32165/90X , offwhite gedessineerd ,NA,NA,NA,NA,1
https://www.happy-size.nl/parka-zizzi-448759/,7-4-2018,Product Page,Parka,Parka,49.99, 	  € 89.95 ,1,67056/80X , blauw ,NA,NA,NA,NA,1
https://www.happy-size.nl/ProductDisplay?catalogId=1000530100&categoryId=104328&langId=31&productId=1570152&storeId=1000530003&colorId=grijs+gem%C3%AAleerd,7-4-2018,Product Page,Fleece vest,Fleece vest,69.99,NA,1,75422/20X , grijs gemêleerd ,NA,NA,NA,NA,1
https://www.happy-size.nl/shirt-sara-lindholm-065227/,7-4-2018,Product Page,Shirt,Shirt,19.99, 	  € 34.99 ,1,06522/70X , met dessin ,NA,NA,NA,NA,1
https://www.happy-size.nl/ProductDisplay?langId=31&catalogId=1000530100&storeId=1000530003&productId=2421601&colorId=gedessineerd&channel_code=1339&s2m_product_id=07853%2F50X&vcp=31fa2b6f182cfb&emsrc=retarget&utm_source=RTBHouse&utm_medium=feed&refID=Happysize_NL/RTBHouse/Dames-Alle-artikelen-Blousestunieken/078535,7-4-2018,Product Page,Tuniek,Tuniek,24.99, 	  € 39.99 ,1,07853/50X , gedessineerd ,NA,NA,NA,NA,1
https://www.happy-size.nl/ProductDisplay?catalogId=1000530100&categoryId=104363&langId=31&productId=2550620&storeId=1000530003&colorId=terra%2Fwit,7-4-2018,Product Page,Poloshirt,Poloshirt,19.99,   € 29.99 ,1,64774/10X , terra/wit ,NA,NA,NA,NA,1
https://www.happy-size.nl/ProductDisplay?catalogId=1000530100&categoryId=104407&langId=31&productId=49753&storeId=1000530003&colorId=oranje,7-4-2018,Product Page,Vest,Vest,34.99,NA,1,83409/10X , oranje ,NA,NA,NA,NA,1
https://www.happy-size.nl/ProductDisplay?catalogId=1000530100&categoryId=104363&langId=31&productId=2529737&storeId=1000530003&colorId=wit,7-4-2018,Product Page,Longshirt,Longshirt,19.99,NA,1,41339/30X , wit ,NA,NA,NA,NA,1
https://www.happy-size.nl/ProductDisplay?catalogId=1000530100&categoryId=104335&langId=31&productId=2508330&storeId=1000530003&colorId=royal+blue,7-4-2018,Product Page,Tankini,Tankini,49.99,NA,1,28049/30X , royal blue ,NA,NA,NA,NA,1
https://www.happy-size.nl/tankini-maritim-594754/,7-4-2018,Product Page,Tankini,Tankini,49.99,NA,1,59475/40X , turquoise/zwart ,NA,NA,NA,NA,1
https://www.happy-size.nl/shirt-in-oil-washed-look-janet-joyce-898682/,7-4-2018,Product Page,Shirt in oil washed look,Shirt in oil washed look,29.99,NA,1,89868/20X , ecru oil wash ,NA,NA,NA,NA,1
https://www.happy-size.nl/shirt-sara-lindholm-942714/,7-4-2018,Product Page,Shirt,Shirt,9.99, 	  € 19.99 ,1,01125/20X , oranje ,NA,NA,NA,NA,1
https://www.happy-size.nl/jurk-sara-lindholm-964433/,7-4-2018,Product Page,Jurk,Jurk,24.99, 	  € 39.99 ,1,96443/30X , kreeftrood ,NA,NA,NA,NA,1
https://www.happy-size.nl/tuniek-254086/,7-4-2018,Product Page,Tuniek,Tuniek,24.99, 	  € 34.99 ,1,25408/60X , zwart/ecru ,NA,NA,NA,NA,1
https://www.happy-size.nl/shirt-miamoda-303008/,7-4-2018,Product Page,Shirt,Shirt,39.99,NA,1,30300/80X , jeansblauw gedessineerd ,NA,NA,NA,NA,1
https://www.happy-size.nl/spijkerjasje-met-patches-zizzi-450318/,7-4-2018,Product Page,Spijkerjasje met patches,Spijkerjasje met patches,54.99, 	  € 69.95 ,1,45031/80X , dark grey wash ,NA,NA,NA,NA,1
https://www.happy-size.nl/trenchcoat-zizzi-801395/,7-4-2018,Product Page,Trenchcoat,Trenchcoat,69.95,NA,1,73767/20X , beige ,NA,NA,NA,NA,1
https://www.happy-size.nl/ProductDisplay?catalogId=1000530100&categoryId=104308&langId=31&productId=2023553&storeId=1000530003&colorId=zwart+gedessineerd,7-4-2018,Product Page,Longshirt met statementprint,Longshirt met statementprint,34.99,NA,1,46586/40X , pink ,NA,NA,NA,NA,1
https://www.happy-size.nl/bodywarmer-win-star-618379/,7-4-2018,Product Page,Bodywarmer,Bodywarmer,49.99,NA,1,08965/20X , donkerpaars ,NA,NA,NA,NA,1
https://www.happy-size.nl/maxi-jurk-angel-of-style-389144/,7-4-2018,Product Page,Maxi-jurk,Maxi-jurk,39.99,NA,1,38914/40X , wit gedessineerd ,NA,NA,NA,NA,1
https://www.happy-size.nl/ProductDisplay?langId=31&catalogId=1000530100&storeId=1000530003&productId=2684007&colorId=zwart+gedessineerd&channel_code=1339&s2m_product_id=61761%2F30X&vcp=31fa2b6f182cfb&emsrc=retarget&utm_source=RTBHouse&utm_medium=feed&refID=Happysize_NL/RTBHouse/Dames-Alle-artikelen-Jurkenrokken/617613,7-4-2018,Product Page,Jurk,Jurk,34.99, 	  € 49.99 ,1,61761/30X , zwart gedessineerd ,NA,NA,NA,NA,1
https://www.happy-size.nl/jurk-sara-lindholm-617613/,7-4-2018,Product Page,Jurk,Jurk,34.99, 	  € 49.99 ,1,61761/30X , zwart gedessineerd ,NA,NA,NA,NA,1
https://www.happy-size.nl/rok-janet-joyce-006649/,7-4-2018,Product Page,Rok,Rok,34.99,NA,1,37880/80X , Kaki ,NA,NA,NA,NA,1
https://www.happy-size.nl/jersey-tuniek-met-kant-sara-lindholm-219824/,7-4-2018,Product Page,Jersey tuniek met kant,Jersey tuniek met kant,34.99,NA,1,66820/00X , petrol ,NA,NA,NA,NA,1
https://www.happy-size.nl/tuniek-gozzip-900874/,7-4-2018,Product Page,Tuniek,Tuniek,69.99, 	  € 89.99 ,1,35355/30X , Roze ,NA,NA,NA,NA,1
